poly_deg,coeff_modulus_bits,scale,enc_time_ms,mem_kb,slope,intercept,mae,rmse,mape
16384,50-30-30-50,1048576,237,251121,0.999623,-30.994966,11.601015,13.424453,0.194592
16384,50-30-30-50,1073741824,238,251121,0.999623,-30.996629,11.601161,13.424453,0.194611
16384,50-30-30-50,1099511627776,226,251121,0.999623,-30.996634,11.601161,13.424453,0.194611
16384,60-40-40-60,1048576,223,251121,0.999617,-30.922517,11.594653,13.424656,0.193773
16384,60-40-40-60,1073741824,223,251121,0.999623,-30.996642,11.601163,13.424453,0.194611
16384,60-40-40-60,1099511627776,224,251121,0.999623,-30.996634,11.601161,13.424453,0.194611
16384,54-38-38-54,1048576,223,251121,0.999631,-31.096258,11.610968,13.424754,0.195752
16384,54-38-38-54,1073741824,223,251121,0.999623,-30.996640,11.601162,13.424453,0.194611
16384,54-38-38-54,1099511627776,223,251121,0.999623,-30.996634,11.601161,13.424453,0.194611
